Forward Scatter Signal,Forward Scatter Pulse Width Signal,Side Scatter Signal,Side Fluorescence Signal
204,64,240,268
188,60,256,252
164,60,292,256
192,64,304,288
308,80,612,240
228,68,308,324
216,68,416,496
460,164,564,100
172,60,300,328
196,60,260,232
216,64,264,248
256,76,472,648
276,80,616,212
172,56,248,204
264,76,604,196
216,64,280,232
208,64,296,248
224,64,248,280
316,80,552,168
172,56,280,260
212,64,216,240
248,68,448,404
188,68,268,236
124,56,240,200
212,64,256,232
188,60,308,364
180,64,208,264
152,56,228,204
172,60,256,184
220,64,316,368
176,60,260,260
200,64,316,300
188,64,284,316
204,64,324,236
208,64,248,252
204,60,276,260
164,60,276,348
168,60,240,232
204,60,232,200
196,64,252,260
196,64,232,184
220,68,248,252
48,12,240,0
264,68,436,284
176,60,236,236
204,64,272,248
188,60,320,332
248,76,464,152
148,56,236,176
328,80,612,240
368,96,648,640
112,40,276,0
196,64,280,256
168,60,240,252
200,64,244,216
172,60,284,216
188,64,276,260
196,64,292,320
208,64,252,300
172,64,276,324
204,64,264,228
268,72,336,328
156,60,240,232
180,60,296,260
244,68,332,332
232,68,276,296
184,64,232,256
208,64,296,276
148,60,284,232
192,64,276,268
220,64,284,312
192,64,252,224
188,64,300,344
228,72,420,356
192,60,232,212
192,68,276,244
196,60,196,228
204,64,256,216
168,60,268,248
184,64,268,280
244,72,552,188
160,60,300,280
152,60,220,244
188,60,284,176
192,68,448,472
212,68,324,276
376,84,596,192
184,64,220,156
180,60,304,308
168,60,256,220
168,60,256,204
208,64,332,380
200,64,232,196
200,64,268,280
188,60,252,280
208,68,304,308
232,64,260,184
172,60,220,228
208,64,316,384
220,68,292,340
204,64,264,296
188,64,232,220
192,64,288,324
208,64,300,280
176,60,300,344
180,64,220,236
236,72,548,176
160,60,276,228
188,64,292,260
204,68,256,228
200,64,268,316
208,64,268,304
212,64,224,224
168,60,216,184
212,64,228,232
156,60,252,168
200,60,224,288
192,64,280,296
268,76,544,176
344,76,596,196
164,60,292,264
256,76,424,320
212,64,284,300
292,76,576,200
336,84,576,176
152,60,304,232
180,60,276,312
208,68,448,616
192,64,252,236
168,60,292,344
216,68,296,344
196,64,280,264
196,64,236,252
300,76,576,160
180,60,248,208
172,60,304,284
216,64,236,176
72,48,516,4
184,60,252,192
304,76,628,224
200,64,220,232
256,76,560,192
184,60,272,312
188,64,288,304
220,68,280,256
188,60,232,240
164,56,232,200
192,60,236,216
188,64,256,288
160,64,308,248
296,84,660,240
212,64,280,236
168,60,332,308
44,12,176,0
176,60,296,244
168,60,216,184
332,76,632,232
192,64,288,340
236,68,524,164
44,12,176,0
180,60,244,236
232,68,284,280
248,76,608,204
188,60,240,224
168,64,464,232
216,64,292,320
204,64,260,256
188,64,420,368
188,60,252,216
240,68,312,360
200,64,296,288
184,60,272,252
172,60,268,256
188,64,276,272
188,68,336,316
64,36,204,4
172,56,244,220
220,64,300,336
228,68,340,348
160,56,284,248
200,64,300,248
232,68,328,336
204,64,252,288
168,60,240,196
196,68,296,228
268,84,632,256
180,60,256,300
180,68,296,268
192,64,276,332
176,60,220,224
228,68,252,308
148,56,252,172
212,64,244,248
172,60,248,212
168,60,280,244
84,32,240,0
164,60,236,264
164,60,256,284
200,64,232,244
204,64,264,272
184,64,324,316
216,68,280,228
268,76,512,176
216,68,276,276
200,64,244,244
192,60,256,232
188,60,272,220
192,64,316,288
204,64,244,256
192,64,264,256
204,60,268,248
212,68,264,272
208,64,256,256
372,92,656,320
204,64,308,312
172,64,176,184
216,68,228,292
240,80,416,476
176,60,296,228
216,68,304,284
100,56,320,96
196,64,252,252
208,64,228,256
208,68,276,316
208,64,284,248
204,64,228,228
168,60,276,308
172,60,216,240
236,68,460,644
160,60,260,252
232,68,292,224
176,68,448,592
168,60,264,308
216,68,312,312
180,60,216,228
252,80,460,540
308,76,520,168
192,64,268,244
180,64,316,244
228,68,268,284
208,64,304,344
144,56,208,180
196,64,340,344
328,80,600,220
216,64,432,384
176,60,256,220
184,64,252,208
212,64,268,248
332,84,584,220
164,56,272,196
284,84,640,224
204,64,288,332
248,76,448,572
208,64,300,304
200,60,248,236
168,60,192,192
228,64,232,224
164,60,288,264
184,60,272,300
192,64,232,192
200,64,248,244
208,68,308,280
168,60,240,212
204,64,248,248
184,64,264,288
204,64,256,252
224,64,312,268
200,64,284,292
172,60,300,316
200,72,572,176
220,64,288,228
180,64,268,180
184,60,304,288
216,64,284,260
208,64,276,320
184,64,248,248
232,68,316,324
200,64,272,228
160,60,240,204
208,60,244,208
200,64,288,296
188,64,248,224
344,84,628,208
148,56,252,192
232,68,276,244
288,76,536,176
208,68,240,240
204,64,284,252
232,68,308,340
196,64,260,252
216,64,212,236
220,64,280,300
168,60,284,248
204,64,276,252
248,72,452,476
356,80,568,192
280,80,596,180
220,68,436,396
200,64,300,256
160,56,292,220
184,60,264,240
212,64,228,196
296,76,624,212
212,64,280,204
208,64,332,312
208,64,220,204
216,68,276,284
220,64,276,312
216,68,276,276
188,60,232,172
176,60,256,264
200,64,224,160
208,68,284,224
164,60,312,300
192,64,272,248
296,72,388,524
156,56,220,192
184,60,284,276
212,64,284,336
188,60,268,256
308,84,640,212
192,64,268,228
180,64,300,268
220,68,268,300
180,64,232,208
192,60,248,196
164,60,240,200
344,88,624,196
344,84,616,188
176,60,280,312
176,60,256,284
168,60,324,344
204,64,304,268
124,72,368,112
196,64,312,272
220,64,256,312
164,60,248,208
220,64,256,280
152,56,180,204
232,68,300,236
180,60,256,208
192,64,300,284
212,64,328,292
292,84,648,256
200,64,252,276
184,64,256,252
172,56,272,308
216,64,288,284
180,60,244,220
208,64,332,316
176,60,300,244
328,84,584,212
136,52,180,152
180,60,256,196
160,56,264,264
216,68,256,260
188,60,260,208
212,64,244,236
192,68,268,272
168,60,272,200
220,68,260,284
248,68,376,428
180,60,200,216
276,84,580,204
188,60,268,256
196,64,280,268
204,64,252,256
176,72,240,260
192,68,268,276
208,64,268,296
192,64,276,228
212,64,260,292
156,56,280,260
220,68,256,272
176,60,308,260
176,60,272,260
356,84,488,908
208,64,260,304
168,64,304,300
148,56,256,224
216,64,216,220
184,60,288,248
256,68,308,372
244,68,352,428
216,64,280,272
228,68,216,284
208,64,272,244
272,76,624,208
172,60,224,192
168,60,240,224
212,64,236,212
168,60,272,284
192,64,260,276
200,64,248,256
156,56,236,212
200,64,316,328
208,64,308,328
164,60,236,236
180,60,304,264
204,64,260,224
180,60,256,212
168,56,272,272
212,68,296,244
184,64,328,296
188,64,236,252
208,64,300,348
148,60,268,236
176,60,300,360
164,56,316,264
172,60,268,272
292,72,692,60
180,60,248,232
192,64,252,212
192,64,216,160
176,64,280,268
168,60,300,260
204,64,260,232
216,64,296,272
192,56,396,4
188,60,260,236
188,64,220,236
148,56,232,192
192,60,268,228
164,56,236,228
164,60,336,284
168,60,240,220
172,64,436,460
244,72,420,444
184,64,264,284
188,60,232,260
192,60,284,272
176,60,264,212
148,64,260,320
200,64,268,216
156,56,228,200
100,36,260,4
264,72,480,156
224,64,260,212
200,64,252,228
184,60,220,236
188,60,324,328
172,52,344,0
192,60,224,208
164,56,220,184
196,64,340,392
324,76,584,208
172,60,220,256
200,64,300,264
160,60,256,256
172,60,256,256
176,60,216,260
172,60,300,220
152,72,296,192
228,56,420,0
188,64,236,200
216,64,276,236
196,64,264,276
348,84,620,216
184,60,216,216
168,60,296,296
188,64,260,200
188,64,268,284
300,80,604,204
168,64,236,252
200,64,272,224
180,60,284,308
232,68,240,248
236,68,328,356
180,60,208,196
216,64,236,224
176,60,296,292
192,64,288,288
172,60,264,268
208,64,276,308
200,64,232,188
344,84,648,212
212,68,284,316
180,56,256,212
104,36,448,0
264,80,548,176
196,64,264,324
172,60,260,276
204,64,276,300
180,60,240,292
232,68,296,300
164,56,260,188
208,64,252,284
228,68,304,316
204,60,300,364
204,68,324,340
184,60,288,316
208,64,320,328
220,64,280,228
196,64,296,224
192,64,304,248
212,68,284,344
300,80,612,224
208,64,260,260
208,64,296,268
228,68,436,420
212,64,248,252
212,68,280,260
144,56,256,200
236,68,276,328
212,64,260,268
172,60,196,204
176,60,272,256
236,72,452,288
176,60,300,236
160,60,232,188
172,60,196,180
172,60,200,184
172,56,180,172
188,64,264,272
208,64,268,228
208,64,232,224
156,56,252,228
188,60,204,196
204,64,268,284
152,56,228,192
148,52,224,168
180,60,268,208
164,60,256,232
172,60,244,244
188,64,280,284
316,80,612,196
160,56,264,248
48,12,160,0
168,60,212,308
180,64,276,264
172,60,232,212
188,64,264,220
192,64,284,252
200,64,252,320
192,64,312,300
192,52,372,0
216,64,280,252
168,60,260,268
212,64,280,248
252,80,596,196
188,64,300,332
176,60,344,356
236,68,316,348
176,60,312,280
64,24,204,0
184,60,280,336
228,68,272,268
176,60,276,268
236,72,436,512
200,64,252,256
172,60,248,208
188,60,272,204
204,68,240,228
204,64,300,272
164,60,308,268
176,56,180,172
196,60,316,292
184,64,328,320
212,64,240,252
164,60,248,200
196,64,280,284
172,56,268,292
192,60,300,328
180,60,292,284
212,64,296,280
216,64,264,296
220,68,264,272
172,60,236,212
200,60,264,200
216,68,288,296
168,56,272,240
184,64,280,336
176,60,272,272
224,68,272,272
196,60,284,236
208,64,296,276
276,76,584,208
200,64,232,260
192,64,272,200
180,64,292,248
276,76,480,152
160,60,224,184
216,64,236,244
208,64,292,348
96,40,280,0
164,68,316,268
220,64,220,212
168,60,268,280
172,56,196,248
44,8,228,0
212,64,252,256
200,64,240,296
196,60,224,220
196,64,276,224
392,88,632,228
264,84,596,188
180,60,208,212
204,68,440,380
180,60,216,208
232,68,304,344
200,64,280,236
240,68,280,284
176,68,292,292
76,32,236,0
200,64,228,232
204,64,304,268
208,68,252,240
108,88,268,4
172,60,328,260
184,64,336,364
200,64,320,328
48,12,180,0
188,64,296,252
212,68,312,332
176,60,260,304
204,64,276,236
192,60,288,248
352,80,612,200
136,56,304,444
200,60,292,216
200,64,288,344
244,68,264,332
188,64,256,272
156,56,240,216
168,60,224,224
172,60,256,220
216,68,296,296
56,20,208,0
200,60,224,200
224,68,288,316
212,64,304,308
196,64,248,284
208,64,304,300
232,64,248,276
256,76,548,168
184,64,292,308
360,80,552,228
196,64,272,220
160,60,264,212
180,60,228,200
188,64,268,384
176,60,300,252
172,60,304,336
204,60,268,276
244,68,320,336
204,64,272,260
236,68,284,232
208,64,252,252
208,68,292,312
164,56,244,220
184,60,296,340
168,56,288,272
180,60,288,256
184,60,236,208
224,64,292,308
196,64,256,260
208,64,308,300
184,64,268,192
168,60,256,252
204,64,276,268
176,64,336,316
176,60,252,224
236,68,328,396
200,64,332,392
184,60,300,272
188,64,300,372
168,60,268,276
164,60,284,304
172,60,316,296
200,64,244,240
180,60,232,216
264,72,308,344
132,56,260,168
176,60,220,208
232,72,436,348
184,64,264,332
192,60,236,188
292,76,552,180
224,64,292,308
208,64,272,248
196,64,280,300
228,68,268,296
200,64,300,236
200,64,276,252
176,60,276,224
216,68,280,260
164,56,188,160
168,56,268,200
208,64,236,196
244,68,364,388
216,64,232,216
228,68,312,268
256,72,596,176
128,64,328,280
156,56,248,224
224,64,288,276
316,72,556,192
132,68,260,120
184,60,296,212
188,64,264,380
216,72,288,316
204,64,244,240
200,64,328,360
200,64,260,344
200,64,280,236
152,60,272,308
280,76,592,188
196,64,248,240
168,56,224,204
192,64,252,236
184,60,256,200
224,68,280,352
152,56,252,212
184,60,220,212
156,60,308,276
192,64,256,184
204,64,312,280
224,64,292,252
176,60,276,292
216,64,312,264
204,72,456,580
184,64,308,284
176,60,268,216
232,64,244,292
176,60,284,248
156,56,252,184
328,84,636,212
192,64,296,304
208,64,276,272
200,64,236,220
216,64,256,308
212,64,240,220
228,68,292,336
184,60,252,252
168,60,256,236
172,60,264,252
240,64,280,240
184,64,348,320
164,60,232,164
172,60,248,196
176,64,268,228
200,64,224,232
200,64,192,232
200,60,244,268
204,68,320,288
204,64,268,268
228,68,284,368
152,60,236,324
168,60,268,388
204,64,260,260
192,60,220,212
216,64,236,216
220,64,288,308
172,60,284,240
208,64,312,332
184,64,248,220
184,60,240,204
188,64,320,336
204,64,200,180
176,64,228,232
248,72,416,424
176,60,212,196
196,64,264,224
176,60,308,224
156,60,304,244
172,60,268,228
256,72,316,408
184,60,316,312
184,64,216,208
184,64,268,204
192,64,264,248
192,64,288,264
44,8,192,4
204,68,300,288
172,60,168,168
224,64,324,344
176,60,252,256
220,68,332,372
192,60,200,208
240,64,272,312
188,64,296,268
216,64,308,360
180,60,284,308
212,64,284,288
316,84,596,228
188,60,272,328
188,60,292,260
188,64,280,204
172,60,252,260
152,60,236,212
200,64,280,260
200,64,240,252
180,60,256,236
324,80,552,176
180,60,292,256
176,64,244,268
176,60,280,276
208,68,292,272
168,56,232,264
368,84,644,220
196,64,244,320
176,60,320,344
184,60,236,248
160,60,292,252
180,60,248,212
204,64,292,292
180,60,260,244
224,68,220,264
176,68,328,252
216,68,268,312
252,68,308,388
224,68,304,312
188,64,328,312
164,64,252,200
188,60,232,244
208,68,292,300
176,60,244,248
188,64,228,220
160,60,288,248
192,64,308,352
228,64,288,296
164,56,200,208
176,60,232,220
168,60,252,188
236,76,396,328
172,60,208,160
192,60,284,260
208,64,280,284
408,84,620,240
164,60,252,300
172,60,272,232
184,64,288,296
192,64,248,196
164,60,220,212
156,56,248,204
200,64,244,248
200,64,256,280
248,68,636,4
204,64,244,276
232,64,288,332
192,64,220,200
220,68,288,320
224,64,272,264
160,60,272,228
204,64,228,244
192,64,256,336
288,72,624,180
200,64,268,280
196,64,316,360
208,64,292,280
180,60,240,184
216,64,284,248
184,64,268,180
164,60,260,260
180,64,264,292
228,64,244,256
216,72,440,488
176,60,272,264
200,72,396,320
200,64,288,288
192,64,268,228
212,68,352,328
72,44,276,104
208,64,296,284
192,64,284,296
212,64,236,228
200,64,284,260
164,60,252,188
184,64,256,240
216,64,256,256
160,56,256,240
192,64,156,168
208,64,268,276
224,68,272,320
196,60,276,320
240,68,324,368
244,76,532,180
176,60,244,220
232,64,276,280
148,60,284,204
228,68,308,320
208,64,224,228
228,64,308,352
192,64,240,264
168,60,188,196
168,64,304,336
160,60,280,236
200,60,292,248
188,64,272,352
200,64,220,232
188,64,260,320
172,60,256,208
208,64,252,248
172,60,272,240
172,60,220,232
220,64,256,244
216,68,268,216
188,60,284,264
156,60,220,196
200,64,264,228
240,72,416,340
180,60,280,248
196,64,280,312
184,60,252,256
204,64,252,232
196,60,228,196
184,60,220,204
252,72,304,428
216,64,304,260
72,32,324,4
216,68,304,324
192,64,324,300
208,64,300,284
176,60,296,300
208,64,208,208
80,48,352,0
164,56,260,228
196,64,204,196
212,64,316,328
160,56,256,304
184,60,232,172
196,64,252,252
188,64,280,200
172,60,292,268
236,68,432,460
288,76,536,172
200,64,268,284
220,68,288,312
172,56,244,196
216,64,300,312
220,68,324,336
196,64,316,224
212,64,276,288
192,60,308,364
172,60,280,268
164,56,276,268
192,60,264,216
176,60,248,228
208,64,280,272
224,68,276,260
356,100,664,760
176,60,260,244
176,60,264,196
168,60,276,244
184,64,244,256
228,68,456,452
188,64,276,376
236,68,276,252
180,68,300,256
208,68,296,284
188,64,264,248
176,60,208,184
204,64,320,304
296,76,520,156
204,68,408,416
196,64,264,300
232,64,284,252
172,60,256,268
176,64,228,180
212,68,296,248
200,64,232,220
144,52,252,176
200,64,304,332
220,68,224,224
188,60,272,296
180,64,292,264
160,56,252,168
212,64,268,252
172,60,260,196
192,64,256,168
208,64,280,276
248,68,596,188
220,68,304,396
216,64,276,276
212,68,236,252
244,68,256,252
212,68,296,296
272,76,568,184
176,60,284,260
200,60,292,288
176,60,300,308
164,60,168,256
212,64,284,284
212,68,284,324
164,60,288,264
156,60,260,264
192,64,264,204
188,60,236,232
220,68,296,312
172,60,300,260
164,60,236,244
208,64,284,284
176,60,264,208
180,60,240,240
188,64,252,244
172,60,276,252
196,64,284,212
184,64,272,228
164,60,212,188
180,60,248,312
168,56,232,196
232,72,268,280
192,60,244,236
160,60,284,264
228,64,236,304
188,60,280,256
164,60,256,228
180,60,280,224
160,60,304,280
220,64,312,280
232,68,336,324
184,64,256,252
152,56,256,244
272,80,528,328
156,56,236,232
240,68,388,332
148,56,220,176
48,16,168,0
208,64,272,320
208,64,216,272
192,64,240,268
188,60,280,308
348,84,576,208
164,56,280,232
180,60,272,384
228,64,284,332
160,60,260,232
164,60,316,264
168,60,268,244
188,64,276,240
176,64,264,220
184,60,276,344
176,60,204,168
160,60,252,220
160,56,240,168
176,60,288,280
192,64,328,304
172,60,268,264
228,64,300,308
168,56,240,188
188,64,284,276
168,60,248,252
188,60,288,220
192,64,284,260
180,60,220,236
176,60,316,332
184,64,268,268
196,64,272,260
200,64,284,232
228,68,296,304
216,64,224,280
308,80,444,808
212,64,308,356
284,76,548,184
224,64,272,276
232,72,324,348
164,56,256,228
356,84,624,224
204,64,244,248
492,84,772,12
176,60,248,200
212,68,260,328
220,64,292,340
204,60,292,240
176,60,224,228
160,60,268,260
156,60,252,224
212,64,268,256
204,64,236,212
212,64,280,304
156,60,232,208
184,64,308,284
184,64,268,240
176,60,260,304
180,60,252,264
208,68,292,284
324,80,644,216
328,80,568,192
168,60,232,240
232,68,276,320
188,64,248,248
228,64,240,248
208,64,204,180
196,60,260,240
268,80,564,168
188,64,236,280
552,92,816,8
208,64,288,312
164,60,324,308
200,64,220,220
224,68,280,304
172,56,232,200
232,68,256,256
380,80,664,220
172,60,312,324
192,64,300,232
196,68,328,352
176,60,228,192
208,68,256,244
200,64,288,408
164,60,260,240
168,60,216,240
212,64,288,308
196,64,260,292
196,64,236,260
204,64,284,284
216,68,260,252
196,60,288,284
192,60,248,216
380,88,648,200
192,60,252,240
212,68,268,232
236,64,272,236
204,64,264,308
200,64,280,288
164,60,276,288
196,60,260,268
180,60,236,212
280,72,420,288
192,64,312,332
180,60,268,236
308,76,576,176
176,64,304,320
184,64,292,372
208,64,296,300
168,60,236,248
180,60,224,204
208,64,268,276
168,60,268,296
220,64,220,288
232,72,548,192
164,60,236,232
236,68,280,316
208,72,368,288
192,60,292,328
196,64,304,356
184,60,248,260
180,60,308,324
188,64,216,236
188,64,296,456
200,64,284,300
216,64,288,284
200,64,252,236
184,64,240,240
148,56,276,256
272,80,444,404
164,60,260,204
128,44,300,0
216,68,296,228
208,64,240,252
208,64,288,308
212,64,264,252
180,60,248,284
184,64,288,324
224,68,312,324
192,64,272,232
332,80,624,220
64,28,292,0
296,76,552,180
212,64,320,308
188,60,228,192
168,60,256,176
196,64,236,232
160,56,200,180
216,68,312,320
268,76,412,500
196,64,260,220
224,64,316,268
216,64,300,308
276,76,596,180
176,56,276,256
220,64,324,320
208,64,300,308
204,64,252,304
212,64,276,256
184,64,244,248
208,68,300,320
192,60,248,216
204,64,284,284
352,88,600,188
196,64,264,268
176,64,212,216
208,64,292,216
188,64,296,236
232,68,268,280
192,64,264,224
184,64,260,276
232,68,320,372
184,60,164,168
164,60,280,284
188,64,264,276
184,64,264,204
344,80,668,248
172,60,284,292
168,56,280,280
200,64,280,312
176,64,272,256
176,60,232,224
248,68,344,384
224,68,236,220
196,60,248,204
240,72,396,360
220,64,252,272
184,60,288,320
156,56,324,316
236,68,308,380
176,60,268,288
244,68,308,348
176,60,268,280
180,64,276,212
216,64,268,252
260,76,460,496
228,68,292,336
208,64,236,264
168,60,248,172
184,64,344,364
184,64,284,216
140,52,236,200
176,64,324,332
232,68,288,296
284,72,532,184
208,68,236,252
188,60,256,248
176,64,252,172
204,64,300,264
236,68,284,308
184,64,208,236
180,64,288,244
200,60,280,232
152,60,236,264
216,68,368,376
196,64,292,280
212,64,276,256
304,84,588,244
216,64,292,304
212,68,248,288
52,20,204,0
208,64,356,344
156,60,268,276
160,56,256,268
164,56,248,336
104,48,444,0
176,60,280,240
228,68,304,312
172,60,236,204
196,64,260,264
176,60,260,244
288,76,644,200
376,76,604,204
216,68,284,300
212,72,468,540
44,12,236,8
156,56,200,180
180,64,304,304
220,68,304,360
164,60,276,280
224,68,292,368
204,64,308,304
208,64,220,196
168,60,244,168
204,64,272,244
224,68,284,320
176,56,240,168
184,60,288,288
352,80,576,224
184,64,268,252
164,56,248,244
272,72,528,172
196,64,288,376
244,68,276,312
252,68,268,332
200,64,312,300
228,68,276,292
160,56,276,216
188,64,260,288
208,64,300,276
292,84,600,216
164,60,276,268
164,60,248,224
188,60,284,236
208,68,340,272
204,64,244,220
152,56,260,220
208,64,240,200
176,60,296,292
196,64,272,192
204,64,204,180
196,60,212,244
376,84,668,204
356,80,536,196
196,64,304,316
188,60,280,228
204,64,276,256
156,56,204,280
184,64,280,332
372,88,616,232
180,60,248,252
164,60,272,280
64,24,184,0
140,44,180,0
236,76,500,724
288,76,632,188
200,64,312,364
192,60,188,176
184,60,252,224
216,68,328,296
204,64,332,464
164,60,208,224
208,64,284,240
188,60,284,284
208,64,248,256
200,64,220,200
232,68,528,168
204,64,216,196
212,64,236,192
284,76,568,172
160,60,260,264
220,64,260,288
276,72,416,432
228,64,268,276
212,64,316,304
240,64,312,292
200,64,288,208
172,60,256,252
152,56,192,184
220,64,252,256
72,28,228,0
176,60,256,244
172,60,264,316
192,64,284,268
224,68,320,308
204,64,248,268
168,60,252,236
244,68,308,408
180,60,268,332
212,64,240,200
204,64,288,264
368,84,612,200
208,64,328,296
200,64,260,292
156,56,220,196
168,60,220,204
184,60,292,344
336,80,576,220
348,80,616,200
196,64,224,228
208,68,304,320
152,60,260,180
56,24,224,0
216,64,332,372
192,64,296,296
212,64,256,272
204,64,300,212
156,56,252,192
216,64,268,348
292,76,588,184
172,64,304,352
208,64,276,300
200,64,244,256
352,80,616,196
212,68,296,304
224,64,344,292
212,64,276,272
204,64,324,392
180,60,200,240
236,72,452,136
160,60,236,232
188,64,284,308
204,64,296,356
196,60,232,196
220,64,240,244
184,60,248,192
208,64,260,284
220,68,284,292
180,60,240,260
200,68,280,288
216,64,284,372
168,60,284,316
196,60,224,248
180,60,280,216
212,64,324,272
152,60,276,268
180,60,232,188
232,68,312,324
164,60,212,200
220,64,224,208
316,84,628,188
204,64,264,248
236,68,304,392
180,60,232,232
180,64,296,264
184,60,180,228
164,60,224,184
148,56,232,188
240,76,424,276
180,60,248,244
208,68,284,220
204,64,292,296
336,80,556,204
240,100,1012,12
156,56,276,220
208,64,268,300
212,64,252,188
164,56,212,184
172,60,196,220
196,64,260,288
148,56,204,180
184,60,212,244
188,60,220,224
204,64,288,224
244,72,368,452
184,60,256,264
168,60,252,264
184,64,264,232
240,64,272,260
196,60,216,208
288,80,556,200
192,60,260,228
232,68,272,296
160,60,228,248
148,60,200,208
148,56,252,200
200,64,240,232
228,64,220,268
308,76,572,192
188,64,256,252
164,52,336,0
196,64,244,244
228,68,252,276
160,60,288,256
220,64,220,208
236,72,460,424
192,64,288,296
212,64,284,296
200,64,272,300
172,60,236,192
180,60,308,340
172,64,284,260
212,64,328,340
212,64,264,316
224,68,248,340
248,68,504,140
176,60,280,280
144,52,220,176
208,64,276,268
180,60,280,256
172,60,248,204
216,64,264,216
200,64,264,296
168,60,292,288
176,60,256,184
216,64,232,212
208,64,240,228
212,64,288,324
180,64,312,240
256,76,560,188
176,60,264,256
224,68,260,316
188,60,420,336
200,64,280,284
168,56,236,208
180,64,268,200
200,60,268,252
152,56,252,248
164,60,228,232
196,68,312,268
176,60,256,220
212,64,260,236
184,64,220,220
336,84,656,272
188,60,308,372
184,64,256,216
176,60,248,188
156,56,232,204
208,64,324,312
188,64,288,268
200,64,288,292
312,80,600,196
184,64,312,284
320,76,584,188
176,60,232,212
188,60,288,284
160,56,248,228
164,60,276,184
188,60,256,296
92,36,408,4
196,64,232,236
136,52,204,184
320,76,616,180
296,72,536,176
176,60,280,244
272,68,548,196
288,80,608,172
180,60,216,204
228,68,292,308
184,60,256,248
188,60,300,272
216,68,312,312
172,60,256,232
160,56,228,204
168,56,296,256
188,64,300,312
200,64,352,420
164,60,308,256
208,64,288,260
156,60,232,236
180,60,252,268
216,64,260,296
180,64,268,252
152,56,192,200
192,60,276,328
172,60,228,200
212,68,264,272
200,64,268,248
172,60,248,248
180,60,292,340
220,72,540,284
240,72,436,416
176,64,232,172
176,60,280,292
184,60,328,356
196,64,252,296
244,68,296,356
192,64,256,288
180,60,248,232
184,64,356,520
116,44,372,0
180,60,276,280
224,68,264,272
180,60,224,232
220,72,472,616
160,56,216,204
196,64,304,292
180,60,276,284
280,76,560,144
88,36,324,0
212,64,236,200
196,68,512,164
284,76,568,168
188,64,292,268
216,64,284,264
224,68,312,312
192,60,196,196
188,60,256,192
212,68,256,264
152,56,276,256
180,60,236,240
196,64,268,264
172,60,204,208
144,56,232,228
216,68,284,264
196,64,256,260
208,68,292,252
224,64,260,256
180,60,220,216
200,64,280,320
200,64,276,232
188,60,196,208
244,60,444,0
192,60,200,200
192,60,240,200
164,56,256,232
168,60,240,216
180,64,300,300
176,64,240,216
180,64,260,164
236,68,428,508
328,80,596,188
316,80,544,180
196,64,284,284
172,60,248,240
156,60,236,212
204,64,304,348
204,64,320,276
176,60,320,372
244,68,464,516
208,64,256,228
212,64,248,280
236,68,308,320
180,64,292,332
216,68,296,288
188,60,264,192
188,60,236,240
180,60,248,228
168,60,212,228
156,60,276,256
216,64,228,232
188,64,288,240
160,60,276,240
208,64,272,236
228,64,280,260
152,56,244,224
208,64,252,268
248,68,308,404
192,60,220,216
164,64,332,348
196,60,316,300
228,68,280,288
244,68,336,412
180,60,220,180
168,60,272,232
156,56,288,300
200,60,204,244
120,48,292,508
168,64,228,256
220,64,292,308
168,64,276,248
176,60,244,316
180,60,308,376
168,60,280,284
192,60,268,228
172,60,268,236
188,60,276,268
220,72,624,220
156,56,212,180
184,60,232,240
200,64,276,272
184,64,284,316
188,68,292,240
224,64,252,260
228,68,276,332
172,60,316,332
204,68,236,220
172,60,316,296
192,64,224,204
244,76,564,196
660,260,640,304
172,60,224,220
180,60,236,280
164,60,232,172
188,60,216,200
196,64,280,244
232,68,332,364
212,68,300,312
200,64,216,168
204,64,264,264
48,16,232,0
192,64,328,452
220,64,308,284
188,64,256,300
200,64,280,272
220,64,276,276
168,60,216,152
184,60,264,260
156,56,192,224
160,60,232,224
160,56,256,264
208,64,256,308
156,56,260,264
168,60,264,260
148,60,248,188
212,64,280,308
120,48,560,0
168,60,260,240
172,60,236,196
188,60,224,252
348,80,620,224
208,64,260,260
192,60,224,224
176,64,312,304
204,64,272,240
188,68,300,412
196,60,204,184
208,64,260,232
200,64,304,352
44,12,196,0
176,56,228,212
208,64,276,248
236,68,276,312
180,60,260,236
196,64,268,276
232,64,204,188
196,64,252,268
208,68,308,320
256,68,392,348
172,60,240,212
184,60,236,192
216,64,288,280
192,64,308,292
336,80,636,248
208,64,264,276
164,60,200,140
204,60,264,236
220,64,296,292
188,60,284,256
172,60,292,316
168,60,296,276
204,64,304,356
204,64,272,288
200,64,224,192
220,68,464,436
168,60,292,268
200,64,224,252
188,64,252,188
176,60,288,260
236,76,456,464
196,64,252,264
168,60,276,248
196,64,224,244
188,64,212,200
160,60,248,216
188,60,236,208
260,80,552,160
212,68,248,232
204,56,380,0
176,60,236,272
172,60,208,196
364,84,616,220
208,68,268,300
284,76,532,216
176,60,328,364
192,60,192,196
196,60,252,280
168,56,244,252
188,60,288,336
200,64,236,188
192,64,292,284
232,68,268,320
312,80,612,268
184,60,288,276
192,60,224,224
188,60,192,208
200,64,280,248
276,84,636,220
336,80,568,196
252,68,276,328
204,64,240,228
208,64,292,280
180,60,232,184
232,68,344,416
232,68,312,348
128,56,244,176
80,32,344,0
164,56,236,228
188,64,288,332
180,64,336,344
184,68,436,696
176,60,196,196
196,64,336,380
308,80,636,216
160,56,272,236
200,60,208,220
220,68,324,392
220,64,300,264
212,64,220,236
168,60,272,224
172,60,268,208
336,84,524,184
208,64,212,212
192,64,224,260
188,60,220,180
196,60,292,248
192,64,288,320
180,64,248,264
152,56,276,292
172,60,172,164
148,60,244,160
164,60,248,212
188,72,432,356
176,60,236,208
200,64,240,248
212,64,212,208
180,64,276,272
208,64,312,336
204,64,236,236
212,64,284,284
308,76,552,172
180,60,284,288
200,68,328,304
188,60,252,188
188,64,244,256
196,60,268,400
148,56,248,244
156,56,192,160
216,68,252,308
164,60,260,232
216,68,304,284
160,56,236,308
180,60,252,260
168,56,256,212
216,64,292,264
200,64,284,296
196,72,292,244
176,60,256,192
220,68,236,228
208,64,244,256
180,60,292,312
184,60,272,456
228,72,436,464
184,64,292,252
280,76,556,160
184,60,232,256
244,68,264,336
192,64,268,328
184,60,276,248
196,64,300,220
172,60,260,208
172,60,292,256
216,64,288,248
176,68,240,268
156,60,268,284
220,64,292,288
184,60,292,272
212,64,300,280
176,60,412,408
180,60,256,232
188,60,224,228
208,64,196,240
192,64,288,252
176,60,280,268
356,84,620,204
176,60,320,340
240,68,288,328
188,60,228,196
288,80,600,252
188,64,248,208
212,64,272,300
248,68,400,416
148,56,240,176
168,64,324,336
224,68,324,452
156,60,224,184
176,60,240,252
248,76,584,196
216,64,280,304
176,60,232,196
192,64,280,232
168,60,244,224
176,60,288,320
72,28,216,0
388,80,632,200
212,64,252,268
224,68,292,304
164,60,260,280
300,80,596,204
228,68,288,300
344,84,608,232
164,64,224,240
316,84,652,212
196,64,296,292
200,60,212,204
188,64,276,248
160,60,236,208
204,64,280,248
188,64,284,316
168,60,244,264
208,64,312,284
200,68,436,492
208,64,284,348
200,64,284,284
208,72,324,280
176,60,296,280
224,64,300,316
156,56,268,192
184,64,284,212
188,64,268,244
212,64,324,344
204,64,208,192
104,40,284,0
200,64,252,272
336,88,708,248
240,72,412,556
192,64,268,232
200,60,276,304
300,76,524,156
200,64,300,304
200,64,280,268
164,56,252,196
208,64,232,212
224,68,288,336
172,56,268,220
120,44,148,0
180,64,260,308
232,68,316,352
156,56,244,192
192,64,288,272
176,60,256,280
160,56,260,240
176,60,220,216
304,68,204,24
204,68,308,356
220,68,264,260
200,72,460,444
212,72,264,228
184,60,288,216
220,68,236,292
184,60,188,192
200,64,256,276
64,24,204,0
168,60,296,264
204,64,256,236
184,60,268,268
172,64,288,268
264,72,340,336
156,60,216,272
196,64,288,300
200,64,212,220
192,64,256,232
204,64,216,184
204,64,268,336
192,64,256,244
216,68,264,240
216,64,256,280
212,64,300,308
172,60,300,312
172,56,232,224
176,60,260,248
156,56,316,312
356,84,620,208
116,52,324,4
180,60,296,320
180,60,256,244
184,60,252,168
228,68,284,344
236,68,308,384
152,56,268,180
196,60,232,248
220,68,280,352
316,80,608,188
168,56,192,164
180,64,308,324
184,60,248,236
216,68,244,264
168,60,308,256
216,64,268,280
232,68,380,312
188,60,244,240
164,60,292,232
284,72,536,184
176,60,296,276
216,64,324,304
156,60,292,256
188,64,224,232
220,68,292,324
216,68,320,280
188,60,232,204
224,68,300,348
184,64,280,272
220,68,228,320
176,60,252,204
328,76,608,332
152,56,264,208
212,64,264,288
248,68,308,344
216,68,340,380
52,20,240,0
224,68,280,248
220,68,304,272
180,60,240,180
232,68,260,288
224,64,308,340
324,84,612,208
200,68,376,360
172,64,332,352
292,80,612,192
192,64,276,252
52,24,256,0
264,80,564,172
192,64,248,232
164,60,296,244
192,64,188,164
208,64,264,256
192,64,308,340
144,56,272,252
212,64,320,288
236,68,268,348
140,52,220,196
192,64,260,236
212,64,288,320
180,60,252,296
192,60,284,296
228,72,284,288
152,56,264,248
52,16,188,0
204,68,236,240
212,68,280,264
204,64,236,232
248,72,416,332
212,68,276,280
188,64,280,316
192,60,304,272
200,60,216,232
208,64,196,196
176,60,340,356
204,64,284,312
204,64,268,296
180,60,308,384
224,68,272,292
284,76,592,212
212,64,284,276
192,64,260,272
196,64,228,248
204,64,276,308
188,64,236,240
184,64,312,288
264,68,500,176
288,76,604,200
364,84,652,220
360,80,652,244
188,60,260,256
224,64,240,240
192,64,256,260
172,60,228,196
212,64,232,248
328,88,616,224
212,64,224,256
188,64,260,256
160,60,220,236
184,60,276,236
180,60,264,300
272,76,600,188
204,64,256,292
196,64,288,272
172,60,304,300
180,60,192,184
196,68,264,288
208,68,288,328
168,60,268,272
184,64,224,236
220,68,308,384
212,64,240,224
232,64,240,324
196,64,284,232
232,68,292,332
216,64,308,312
288,76,600,204
184,60,224,232
164,56,216,232
188,60,244,248
52,16,188,0
200,64,256,252
164,60,300,284
220,64,288,288
232,68,260,300
288,76,576,192
200,64,264,244
180,60,236,208
220,64,296,360
220,64,260,292
220,68,300,324
164,60,252,172
184,60,228,184
124,68,332,224
184,60,252,236
188,60,284,244
220,68,344,320
188,60,304,268
176,60,280,296
144,56,220,172
196,60,252,240
44,8,168,12
192,64,252,272
188,64,268,280
208,64,244,228
168,60,304,252
224,68,332,360
208,64,260,276
192,60,232,164
164,60,272,260
196,64,284,252
192,64,276,292
164,60,236,244
188,64,268,272
180,64,296,308
172,60,272,196
216,64,276,276
112,48,344,236
200,64,240,260
152,60,196,164
132,52,208,160
236,72,332,340
224,68,312,356
220,68,272,284
144,56,260,176
208,64,284,368
148,56,212,200
208,64,236,148
204,64,216,244
216,64,192,220
176,60,256,224
212,72,456,592
184,64,296,196
192,68,300,288
180,60,276,312
64,28,328,0
204,64,256,208
220,68,208,424
156,68,288,208
204,64,240,268
196,64,300,356
208,64,232,256
360,80,564,204
200,64,336,396
216,68,284,300
160,60,280,280
200,64,256,304
196,64,264,244
292,84,592,192
188,60,312,300
164,56,216,184
144,56,224,248
192,64,260,244
188,64,248,184
184,60,236,244
264,64,464,0
172,60,264,244
196,64,248,264
160,60,260,324
164,60,292,304
200,68,316,328
208,64,220,264
152,56,272,264
172,60,232,256
168,60,232,228
212,64,248,248
200,60,264,272
184,60,236,240
200,64,280,260
204,68,308,284
212,68,296,280
188,64,288,348
200,64,248,256
176,60,252,288
220,68,316,380
172,64,296,220
192,64,268,260
220,64,284,328
188,60,304,284
168,60,284,260
264,72,336,416
212,64,256,236
196,64,292,288
192,64,252,268
172,60,332,244
208,64,252,220
180,60,284,328
156,56,212,188
196,64,248,268
216,64,268,304
212,64,284,296
172,60,268,252
220,68,276,224
160,56,260,188
332,76,536,184
276,84,516,164
220,64,276,232
160,60,268,248
156,64,332,304
204,64,284,276
164,60,288,196
204,64,252,200
320,76,436,700
340,84,608,280
168,60,264,276
184,60,284,280
176,64,292,296
220,64,280,272
176,60,304,328
260,72,320,420
156,60,236,224
168,64,252,212
184,60,224,204
228,64,264,264
196,64,224,228
208,64,280,280
208,68,280,304
156,56,192,172
156,60,244,232
216,64,280,332
200,64,300,316
192,60,280,252
208,60,268,220
172,60,236,196
304,76,612,188
196,64,260,260
108,48,328,176
204,64,300,368
180,60,248,240
152,56,232,164
280,76,580,196
196,64,268,280
180,60,240,240
216,64,320,260
188,60,252,276
184,64,300,300
192,64,364,352
208,64,260,284
208,64,264,252
156,56,208,168
216,64,236,240
180,60,244,216
220,64,320,360
308,80,568,188
176,64,312,268
204,64,248,260
320,80,624,168
164,60,292,260
204,68,296,324
164,60,268,248
184,60,280,300
204,64,272,288
192,64,368,496
164,68,256,296
144,64,288,228
180,60,236,252
180,60,244,292
236,68,320,348
244,72,304,332
188,64,268,260
224,64,268,312
328,76,648,208
168,60,276,240
168,60,288,284
240,72,524,172
168,56,220,244
200,64,284,236
212,64,312,328
196,64,324,356
180,60,248,236
196,64,272,240
352,88,676,284
216,68,228,232
196,60,184,188
260,76,428,680
208,64,244,256
200,64,276,316
360,84,612,196
260,72,584,184
176,60,256,192
196,64,236,232
188,64,236,212
176,60,288,304
164,60,304,308
228,64,248,280
164,60,256,248
148,52,200,180
104,40,388,0
164,60,288,220
200,60,288,300
176,64,260,308
216,64,204,244
236,72,344,452
160,60,208,224
248,68,300,328
180,60,220,200
172,64,336,332
212,64,260,304
184,60,256,268
200,64,248,252
172,60,280,200
216,64,296,312
276,76,588,452
176,60,280,304
304,76,640,220
224,64,260,264
228,68,408,352
196,64,288,308
156,56,220,184
180,64,320,352
204,64,160,216
248,72,396,456
228,68,272,340
172,60,224,216
272,76,600,172
220,64,316,276
200,64,260,192
312,76,536,188
152,56,256,196
172,56,200,196
172,60,216,224
172,60,292,252
176,60,264,272
204,64,284,232
168,60,276,312
200,64,296,296
208,64,312,376
224,68,296,296
144,56,260,304
184,64,264,300
212,64,276,348
188,60,284,316
192,64,328,272
212,64,248,252
288,84,652,196
184,60,260,212
196,64,244,248
172,60,260,232
188,64,316,348
164,60,288,280
208,64,260,220
196,64,280,336
204,64,280,304
204,64,256,224
184,60,276,236
212,68,556,184
224,68,392,440
56,28,248,4
184,60,248,160
208,68,268,208
204,64,228,196
356,84,580,208
168,60,276,240
180,60,260,252
208,68,280,284
180,60,236,212
184,64,264,272
68,32,268,0
156,60,240,148
208,64,292,408
360,88,624,208
180,60,276,196
224,68,276,324
184,64,256,300
232,68,328,360
212,64,224,232
200,60,248,256
72,48,228,0
216,64,324,356
212,64,312,300
160,56,248,200
212,64,276,440
208,64,228,244
204,64,320,384
164,60,288,324
212,68,304,364
176,60,272,276
208,64,248,216
124,56,380,180
184,60,312,316
220,68,292,288
140,52,276,240
204,60,232,192
188,64,204,184
164,60,268,208
272,76,604,184
168,60,248,216
192,60,268,272
160,60,244,228
160,60,236,204
176,60,252,224
164,60,232,244
176,64,292,268
224,68,316,240
224,68,432,464
44,8,228,0
188,60,296,284
204,64,276,228
212,68,312,352
200,64,248,212
188,64,248,320
192,64,316,248
152,64,292,220
188,64,244,224
168,60,228,192
204,64,292,320
188,64,300,356
160,56,288,256
152,56,280,292
176,60,252,192
168,60,268,192
192,64,212,204
208,64,304,312
332,80,580,204
204,64,264,216
176,60,296,248
212,64,264,264
192,60,220,236
204,64,300,312
220,68,308,352
184,72,408,464
200,64,284,284
188,64,228,212
236,72,600,184
168,60,248,280
220,72,452,416
192,64,288,300
176,64,312,324
244,68,320,212
192,64,264,184
176,60,224,216
176,64,288,296
196,64,220,196
368,80,616,228
164,60,304,332
164,60,248,248
204,68,448,484
172,60,288,476
160,60,200,192
216,64,272,236
208,64,272,292
680,120,516,20
184,60,240,288
216,68,424,452
180,60,216,208
156,56,256,236
220,72,412,392
332,80,572,168
204,64,324,336
376,88,576,192
284,80,624,160
188,68,320,220
236,68,296,300
184,64,240,208
72,32,272,16
316,80,592,212
176,60,256,232
200,64,260,288
188,64,272,324
204,60,236,232
188,60,228,264
168,60,252,248
60,24,220,0
180,60,244,248
168,60,288,280
180,60,280,200
156,56,256,260
208,64,316,288
188,60,240,240
164,64,320,308
204,64,260,280
240,68,272,388
212,64,268,244
176,60,244,276
168,60,176,212
180,60,300,224
176,60,260,280
180,60,268,204
160,60,204,180
196,64,216,240
276,80,568,180
224,68,256,308
188,64,268,280
168,56,296,288
188,60,228,200
172,60,252,176
292,76,588,188
208,64,304,304
176,60,276,264
164,60,232,252
220,64,232,244
280,80,572,196
216,68,328,368
236,68,332,380
216,64,224,204
172,60,240,248
152,56,236,260
304,80,572,204
212,64,240,220
248,72,564,172
156,60,228,220
268,76,540,180
204,68,220,220
212,64,232,208
212,64,260,224
160,60,252,224
220,68,256,272
196,64,268,256
232,68,336,480
160,60,332,352
200,64,324,320
208,64,284,236
160,56,308,240
188,64,268,264
240,68,276,284
168,56,252,288
332,76,520,184
204,64,256,256
200,64,232,240
72,28,228,0
356,80,600,224
196,64,272,244
204,68,276,268
204,64,244,212
208,64,312,312
172,60,232,168
188,64,248,220
168,60,308,352
188,64,216,212
212,64,268,304
208,64,304,304
212,64,248,292
148,56,252,228
188,64,256,236
164,60,260,248
196,60,292,252
168,60,248,224
208,64,300,332
212,64,292,280
184,60,300,296
172,60,276,316
176,64,432,320
196,64,236,224
212,68,256,220
276,76,608,184
172,60,268,248
208,64,228,240
184,64,240,192
176,60,232,288
224,68,308,376
172,60,244,232
224,68,272,300
176,60,224,264
188,60,284,276
216,68,284,348
300,80,656,208
204,64,292,284
152,56,256,256
168,64,400,496
124,56,736,4
220,68,264,288
168,60,276,304
204,64,268,196
180,60,300,364
212,72,300,324
184,64,252,248
200,64,288,228
196,64,432,392
80,32,248,0
176,60,308,312
176,64,304,372
184,60,248,208
240,68,312,380
196,64,284,236
188,64,260,276
176,60,252,256
220,68,288,288
224,64,260,284
168,60,240,196
156,60,280,260
192,64,276,264
176,60,272,260
188,64,224,204
156,60,276,320
196,60,292,180
224,64,276,300
196,64,296,360
188,64,320,332
160,56,184,184
184,60,284,296
160,52,332,0
184,60,308,352
164,64,272,296
308,80,620,224
344,80,596,204
184,64,276,376
216,64,300,348
200,64,248,268
168,60,224,188
180,60,248,260
184,64,276,296
236,68,328,364
212,68,248,332
192,64,312,616
180,60,260,216
168,60,240,248
328,80,604,176
176,60,268,248
180,60,256,244
208,68,244,256
232,68,272,288
56,28,340,0
204,64,264,236
192,60,280,324
152,56,324,228
224,64,248,300
208,64,252,244
200,64,260,264
208,64,268,260
192,64,272,228
188,64,228,216
180,60,224,304
188,60,232,184
216,64,312,292
188,60,312,320
168,60,228,264
220,68,288,260
144,56,292,188
176,64,280,280
160,56,212,160
196,64,212,252
172,56,256,268
168,64,296,304
192,64,316,232
160,56,280,212
172,60,272,200
216,64,280,284
200,64,240,284
216,68,264,296
152,56,252,224
172,60,300,272
212,64,280,316
184,64,232,220
164,56,300,336
212,64,236,212
228,68,240,292
180,64,216,248
188,64,264,248
204,64,260,316
176,64,268,328
212,68,268,216
160,56,268,216
236,68,292,332
212,64,240,264
328,84,624,224
172,60,220,244
192,68,316,304
180,60,276,252
212,68,304,364
144,56,280,228
180,60,240,232
248,68,244,236
184,60,284,268
204,64,260,276
188,60,276,248
184,60,220,224
192,60,304,264
180,64,264,228
212,64,308,312
204,64,220,224
184,60,272,244
188,60,220,220
148,60,272,248
184,60,232,196
168,60,252,224
240,68,304,296
172,60,252,244
184,64,296,224
164,60,268,272
244,80,636,196
204,64,248,236
216,68,328,252
188,60,308,320
212,68,268,276
212,64,280,256
180,60,232,192
212,64,300,312
176,60,264,268
180,60,288,384
164,60,320,284
192,60,256,288
208,68,332,364
96,52,356,168
228,68,308,312
256,76,460,536
184,64,256,220
172,56,228,236
196,60,268,276
184,64,200,204
232,68,316,348
288,76,624,244
228,68,312,368
160,56,220,212
200,64,248,268
196,60,296,240
292,80,612,180
192,60,264,320
272,72,520,192
208,64,256,288
216,64,292,288
200,64,232,196
224,72,328,356
152,56,212,208
168,60,220,236
168,60,420,352
200,68,264,264
212,68,264,300
232,68,300,300
200,64,280,280
148,56,256,216
200,68,284,336
148,56,228,216
212,64,200,208
352,84,612,244
280,72,560,184
200,64,240,240
192,64,260,236
220,68,240,200
188,60,248,244
164,52,352,4
184,64,284,308
172,60,280,260
60,24,344,16
148,56,248,196
164,60,276,276
188,60,204,208
180,64,280,208
252,80,452,408
184,60,256,260
144,56,264,200
312,84,572,200
128,44,292,0
168,60,252,268
240,68,312,332
224,64,308,364
232,68,248,220
276,80,656,216
200,60,236,244
196,64,268,204
184,64,236,240
192,64,292,316
180,64,308,244
252,72,580,180
192,64,292,332
172,60,204,204
172,60,256,192
164,60,252,228
196,64,296,304
324,76,588,196
180,64,280,224
184,60,328,264
192,64,252,192
212,68,252,272
168,60,232,164
176,64,332,324
200,64,272,272
196,64,300,376
200,64,256,244
168,60,252,216
216,68,260,280
180,60,244,216
256,76,596,200
220,68,284,332
220,68,248,280
196,64,292,248
188,64,184,192
300,72,524,176
196,64,236,188
180,64,272,300
280,72,644,200
200,64,248,220
164,56,232,168
184,60,236,260
172,60,328,372
